No,Kategori,Train_Samples,Test_Samples,Features,Training_Time,Support_Vectors,Train_MAE,Train_RMSE,Train_MAPE,Test_MAE,Test_RMSE,Test_MAPE,Interpretasi
1,Bawah I,982,246,16,0.01s,199,40.495417931106864,47.465717278033765,0.39588049197322484,866.6349217011502,909.0611529882988,7.006804707953232,Sangat Baik
2,Bawah II,982,246,16,0.01s,182,48.31413564090067,56.24489635119797,0.45090970666353525,690.896224640091,751.8322888471098,5.355434754902955,Sangat Baik
3,Medium I,982,246,16,0.01s,262,49.906927889582896,56.9520884800827,0.4267526126407491,725.4857451384869,787.2078409102363,5.187663597043157,Sangat Baik
4,Medium II,982,246,16,0.01s,195,46.40234718131847,54.57073651503177,0.3907843969632759,715.9239821907586,763.4858700148942,5.070144755387546,Sangat Baik
5,Super I,982,246,16,0.01s,236,40.36535677957271,46.76749426411544,0.32109133636647674,860.9190687344988,925.1139153607412,5.890265250240068,Sangat Baik
6,Super II,982,246,16,0.01s,218,47.45967898177455,55.41085556408596,0.37353193052930966,815.3857706223682,867.0178558927868,5.450891708657863,Sangat Baik
